UC id,Module,Module,Use case,Actor,Ghi chú
UC-01,UC-01,Login with Google,Login with Google,Guest,Nhóm: User Authentication
UC-02,UC-02,Login,Login,Guest,Nhóm: User Authentication
UC-03,UC-03,Logout,Logout,"Client, Expert, Freelancer, Admin",Nhóm: User Authentication
UC-04,UC-04,Register,Register,Guest,Nhóm: User Authentication
UC-05,UC-05,Forgot Password,Forgot Password,Guest,Nhóm: User Authentication
UC-06.01,UC-06,Role Management,View Role List,Admin,
UC-06.02,UC-06,Role Management,View Role Detail,Admin,
UC-06.03,UC-06,Role Management,Create Role,Admin,
UC-06.04,UC-06,Role Management,Update Role,Admin,
UC-06.05,UC-06,Role Management,Delete Role,Admin,
UC-06.06,UC-06,Role Management,Update Role Permissions,Admin,
UC-07.01,UC-07,Freelancer Profile Management,View Freelancer Profile,Freelancer,
UC-07.02,UC-07,Freelancer Profile Management,Update Freelancer Profile,Freelancer,
UC-07.03,UC-07,Freelancer Profile Management,Upload CV,Freelancer,Nhóm: CV
UC-07.04,UC-07,Freelancer Profile Management,View CV,Freelancer,
UC-07.05,UC-07,Freelancer Profile Management,Replace CV,Freelancer,
UC-07.06,UC-07,Freelancer Profile Management,Delete CV,Freelancer,
UC-08.01,UC-08,Freelancer Skill Management,View Freelancer Skill List,Freelancer,
UC-08.02,UC-08,Freelancer Skill Management,Add Freelancer Skill,Freelancer,
UC-08.03,UC-08,Freelancer Skill Management,Delete Freelancer Skill,Freelancer,
UC-09.01,UC-09,Portfolio Management,View Portfolio List,Freelancer,
UC-09.02,UC-09,Portfolio Management,Add Portfolio,Freelancer,
UC-09.03,UC-09,Portfolio Management,View Portfolio Detail,Freelancer,
UC-09.04,UC-09,Portfolio Management,Update Portfolio,Freelancer,
UC-09.05,UC-09,Portfolio Management,Delete Portfolio,Freelancer,
UC-10.01,UC-10,Job Browsing,View Job List,"Client, Guest, Freelancer",
UC-10.02,UC-10,Job Browsing,View Job Detail,"Client, Guest, Freelancer",
UC-11.01,UC-11,Job Management,View My Jobs,Client,
UC-11.02,UC-11,Job Management,Create Job,Client,
UC-11.03,UC-11,Job Management,Publish Job,Client,
UC-11.04,UC-11,Job Management,Update Job,Client,
UC-11.05,UC-11,Job Management,Delete Job,Client,
UC-11.06,UC-11,Job Management,Change Job Status,Client,
UC-12.01,UC-12,Job Bookmark Management,View Bookmarked Job List,Freelancer,
UC-12.02,UC-12,Job Bookmark Management,Bookmark Job,Freelancer,
UC-12.03,UC-12,Job Bookmark Management,Remove Bookmark,Freelancer,Nhóm: Client
UC-13.01,UC-13,Contract Management,Create Contract,Client,
UC-13.02,UC-13,Contract Management,Update Contract,Client,
UC-13.03,UC-13,Contract Management,Complete Contract,Client,Nhóm: User
UC-13.04,UC-13,Contract Management,View Contract List,"Client, Freelancer",
UC-13.05,UC-13,Contract Management,View Contract Detail,"Client, Freelancer",
UC-13.06,UC-13,Contract Management,Sign Contract,"Client, Freelancer",
UC-13.07,UC-13,Contract Management,Cancel Contract,"Client, Freelancer",
UC-13.08,UC-13,Contract Management,View Contract Files,"Client, Freelancer",
UC-13.09,UC-13,Contract Management,Upload Contract File,"Client, Freelancer",
UC-13.10,UC-13,Contract Management,Delete Contract File,"Client, Freelancer",Nhóm: Admin
UC-13.11,UC-13,Contract Management,View All Contracts,Admin,
UC-13.12,UC-13,Contract Management,View Contract Detail ,Admin,
UC-13.13,UC-13,Contract Management,Admin Cancel Contract,Admin,
UC-13.14,UC-13,Contract Management,Admin Update Contract Status,Admin,
UC-13.15,UC-13,Contract Management,View Contract Disputes,Admin,Nhóm: View
UC-14.01,UC-14,Forum Management,View Forum Category List,"Client, Freelancer",
UC-14.02,UC-14,Forum Management,View Forum Category Detail,"Client, Freelancer",
UC-14.03,UC-14,Forum Management,View Post List,"Client, Freelancer",
UC-14.04,UC-14,Forum Management,View Post Detail,"Client, Freelancer",Nhóm: Post
UC-14.05,UC-14,Forum Management,Create Post,"Client, Freelancer",
UC-14.06,UC-14,Forum Management,Update Post,"Client, Freelancer",
UC-14.07,UC-14,Forum Management,Delete Post,"Client, Freelancer",
UC-14.08,UC-14,Forum Management,Like Post,"Client, Freelancer",
UC-14.09,UC-14,Forum Management,Unlike Post,"Client, Freelancer",
UC-14.10,UC-14,Forum Management,View Post Likes,"Client, Freelancer",
UC-14.11,UC-14,Forum Management,View Post Comments,"Client, Freelancer",Nhóm: Comment
UC-14.12,UC-14,Forum Management,Create Comment,"Client, Freelancer",
UC-14.13,UC-14,Forum Management,Update Comment,"Client, Freelancer",
UC-14.14,UC-14,Forum Management,Delete Comment,"Client, Freelancer",Nhóm: Like comment
UC-14.15,UC-14,Forum Management,Like Comment,"Client, Freelancer",
UC-14.16,UC-14,Forum Management,Unlike Comment,"Client, Freelancer",Nhóm: Report
UC-14.17,UC-14,Forum Management,Report Content,"Client, Freelancer",
UC-15.01,UC-15,Permission Management,View Permission List,Admin,
UC-15.02,UC-15,Permission Management,View Permission Detail,Admin,
UC-16.01,UC-16,Session Management,View Session List,"Client, Expert, Freelancer, Admin",
UC-16.02,UC-16,Session Management,View Session Detail,"Client, Expert, Freelancer, Admin",
UC-16.03,UC-16,Session Management,Revoke Session,"Client, Expert, Freelancer, Admin",
UC-17.01,UC-17,Forum Category Management,Create Forum Category,Admin,
UC-17.02,UC-17,Forum Category Management,Update Forum Category,Admin,
UC-17.03,UC-17,Forum Category Management,Delete Forum Category,Admin,
UC-17.04,UC-17,Forum Category Management,View Forum Category List,Admin,
UC-17.05,UC-17,Forum Category Management,View Forum Category Detail,Admin,
UC-17.06,UC-17,Forum Category Management,Restore Forum Category,Admin,
UC-18.01,UC-18,Identity Verification,Upload Identity Documents,Freelancer,
UC-18.02,UC-18,Identity Verification,View Verification Status,Freelancer,
UC-19.01,UC-19,Client Profile Management,View Client Profile,"Client, Expert, Freelancer",Chuyển từ UC-07.07 (Freelancer Profile) sang module Client Profile
UC-19.02,UC-19,Client Profile Management,Update Company Information,Client,
UC-20.01,UC-20,Social Link Management,View Social Link List,"Client, Freelancer",
UC-20.02,UC-20,Social Link Management,Add Social Link,"Client, Freelancer",
UC-20.03,UC-20,Social Link Management,Delete Social Link,"Client, Freelancer",
UC-21.01,UC-21,Favorite Freelancer Management,View Favorite Freelancer List,Client,
UC-21.02,UC-21,Favorite Freelancer Management,Add Freelancer to Favorites,Client,
UC-21.03,UC-21,Favorite Freelancer Management,Remove Freelancer from Favorites,Client,
UC-22.01,UC-22,Saved Search Management,View Saved Search List,Freelancer,
UC-22.02,UC-22,Saved Search Management,View Saved Search Detail,Freelancer,
UC-22.03,UC-22,Saved Search Management,Create Saved Search,Freelancer,
UC-22.04,UC-22,Saved Search Management,Update Saved Search,Freelancer,
UC-22.05,UC-22,Saved Search Management,Delete Saved Search,Freelancer,
UC-23.01,UC-23,Job Alert Management,View Job Alert List,Freelancer,
UC-23.02,UC-23,Job Alert Management,View Job Alert Detail,Freelancer,
UC-23.03,UC-23,Job Alert Management,Create Job Alert,Freelancer,
UC-23.04,UC-23,Job Alert Management,Update Job Alert,Freelancer,
UC-23.05,UC-23,Job Alert Management,Delete Job Alert,Freelancer,
UC-24.01,UC-24,Milestone Management,View Milestone List,"Client, Freelancer",
UC-24.02,UC-24,Milestone Management,View Milestone Detail,"Client, Freelancer",
UC-24.03,UC-24,Milestone Management,Create Milestone,Client,
UC-24.04,UC-24,Milestone Management,Update Milestone,Client,
UC-24.05,UC-24,Milestone Management,Delete Milestone,Client,
UC-24.06,UC-24,Milestone Management,Request Milestone Changes,Client,
UC-24.07,UC-24,Milestone Management,Approve Milestone,Client,
UC-24.08,UC-24,Milestone Management,Update Milestone Progress,Freelancer,
UC-25.01,UC-25,Milestone File Management,View Milestone Files,"Client, Freelancer",
UC-25.02,UC-25,Milestone File Management,Upload Milestone File,Freelancer,
UC-25.03,UC-25,Milestone File Management,Delete Milestone File,Freelancer,
UC-26.01,UC-26,Milestone Submission Management,Submit Milestone,Freelancer,
UC-26.02,UC-26,Milestone Submission Management,Delete Milestone Submission,Freelancer,
UC-26.03,UC-26,Milestone Submission Management,View Milestone Submission List,Client,
UC-26.04,UC-26,Milestone Submission Management,View Milestone Submission Detail,Client,
UC-27.01,UC-27,Conversation Management,View Conversation List,"Client, Freelancer",
UC-27.02,UC-27,Conversation Management,Start Conversation,"Client, Freelancer",
UC-27.03,UC-27,Conversation Management,View Conversation Detail,"Client, Freelancer",
UC-27.04,UC-27,Conversation Management,Send Message,"Client, Freelancer",
UC-27.05,UC-27,Conversation Management,Mark Message as Read,"Client, Freelancer","File gốc ghi Delete/Recall: gộp 2 thao tác, tách nếu nghiệp vụ khác nhau"
UC-27.06,UC-27,Conversation Management,Delete/Recall Message,"Client, Freelancer",Gộp Pin và Unpin; tách nếu cần giống Like/Unlike
UC-27.07,UC-27,Conversation Management,Pin/Unpin Conversation,"Client, Freelancer",
UC-27.08,UC-27,Conversation Management,Send File,"Client, Freelancer",
UC-28.01,UC-28,User Management,View User List,Admin,
UC-28.02,UC-28,User Management,View User Detail,Admin,
UC-28.03,UC-28,User Management,Create User,Admin,
UC-28.04,UC-28,User Management,Update User,Admin,
UC-28.05,UC-28,User Management,Update Client Profile,Admin,
UC-28.06,UC-28,User Management,Update Freelancer Basic Info,Admin,
UC-28.07,UC-28,User Management,Update Freelancer Skills,Admin,
UC-28.08,UC-28,User Management,Update Freelancer Portfolio,Admin,
UC-28.09,UC-28,User Management,Update Expert Profile,Admin,
UC-29.01,UC-29,Following Management,View Following List,Client,
UC-29.02,UC-29,Following Management,Follow Freelancer,Client,
UC-29.03,UC-29,Following Management,Unfollow Freelancer,Client,
UC-30.01,UC-30,Notification Management,View Notification List,"Client, Freelancer",
UC-30.02,UC-30,Notification Management,Mark Notification as Read,"Client, Freelancer",
UC-30.03,UC-30,Notification Management,Mark All Notifications as Read,"Client, Freelancer",
UC-30.04,UC-30,Notification Management,Delete Notification,"Client, Freelancer",
UC-31.01,UC-31,Account Role Management,Switch Role,"Client, Freelancer",
UC-31.02,UC-31,Account Role Management,Join New Role,"Client, Freelancer",
UC-32.01,UC-32,Proposal Management,View My Proposal List,Freelancer,
UC-32.02,UC-32,Proposal Management,View My Proposal Detail,Freelancer,
UC-32.03,UC-32,Proposal Management,Submit Proposal,Freelancer,
UC-32.04,UC-32,Proposal Management,Update Proposal,Freelancer,
UC-32.05,UC-32,Proposal Management,Withdraw Proposal,Freelancer,
UC-32.06,UC-32,Proposal Management,Accept Proposal,Client,
UC-32.07,UC-32,Proposal Management,Reject Proposal,Client,
UC-32.08,UC-32,Proposal Management,View Job Proposal List,Client,
UC-32.09,UC-32,Proposal Management,View Proposal Detail,Client,
UC-33.01,UC-33,Dispute Management,Open Dispute,"Client, Freelancer",
UC-33.02,UC-33,Dispute Management,View Dispute List,"Client, Freelancer",
UC-33.03,UC-33,Dispute Management,View Dispute Detail,"Client, Freelancer",
UC-33.04,UC-33,Dispute Management,Respond to Dispute,"Client, Freelancer",
UC-33.05,UC-33,Dispute Management,Respond to Dispute Resolution,"Client, Freelancer",File gốc xếp nhầm dưới Admin Contract Management
UC-33.06,UC-33,Dispute Management,Propose Dispute Resolution,Admin,
UC-34.01,UC-34,Moderation Management,View Moderation Queue,Admin,
UC-34.02,UC-34,Moderation Management,View Moderation Item Detail,Admin,
UC-34.03,UC-34,Moderation Management,Resolve Moderation Item,Admin,
UC-35.01,UC-35,ID Verification Review,View ID Verification Request List,Admin,
UC-35.02,UC-35,ID Verification Review,View ID Verification Request Detail,Admin,
UC-35.03,UC-35,ID Verification Review,Approve ID Verification,Admin,
UC-35.04,UC-35,ID Verification Review,Reject ID Verification,Admin,
UC-36.01,UC-36,Forum Trash Management,View Deleted Posts/Comments List,Admin,
UC-36.02,UC-36,Forum Trash Management,View Deleted Posts/Comments Detail,Admin,
UC-36.03,UC-36,Forum Trash Management,Restore Deleted Posts/Comments,Admin,
UC-37.01,UC-37,Banner Management,View Banner List,Admin,
UC-37.02,UC-37,Banner Management,View Banner Detail,Admin,
UC-37.03,UC-37,Banner Management,Create Banner,Admin,
UC-37.04,UC-37,Banner Management,Update Banner,Admin,
UC-37.05,UC-37,Banner Management,Delete Banner,Admin,
UC-38.01,UC-38,Skill Management,View Skill List,Admin,
UC-38.02,UC-38,Skill Management,View Skill Detail,Admin,
UC-38.03,UC-38,Skill Management,Create Skill,Admin,
UC-38.04,UC-38,Skill Management,Update Skill,Admin,
UC-38.05,UC-38,Skill Management,Delete Skill,Admin,
UC-38.06,UC-38,Skill Management,Restore Skill,Admin,
UC-39.01,UC-39,Review Management,View Review List,"Client, Freelancer",
UC-39.02,UC-39,Review Management,View Review Detail,"Client, Freelancer",
UC-39.03,UC-39,Review Management,Write Review,"Client, Freelancer",
UC-39.04,UC-39,Review Management,Update Review,"Client, Freelancer",
UC-39.05,UC-39,Review Management,Delete Review,"Client, Freelancer",
UC-40.01,UC-40,Review Response Management,Respond to Review,"Client, Freelancer",
UC-40.02,UC-40,Review Response Management,Update Review Response,"Client, Freelancer",
UC-40.03,UC-40,Review Response Management,Delete Review Response,"Client, Freelancer",
UC-41.01,UC-41,Account Profile Management,View Profile,"Client, Expert, Freelancer",
UC-41.02,UC-41,Account Profile Management,Update Profile,"Client, Expert, Freelancer",
UC-41.03,UC-41,Account Profile Management,Change Password,"Client, Expert, Freelancer",
UC-41.04,UC-41,Account Profile Management,Upload Avatar,"Client, Expert, Freelancer",Gồm gợi ý Job và gợi ý Freelancer
UC-42.01,UC-42,Job & Freelancer Recommendation,Recommend Jobs / Freelancers,AI,
UC-43.01,UC-43,Payment Management,Connect Stripe Account,Freelancer,
UC-43.02,UC-43,Payment Management,View Payout History,Freelancer,
UC-43.03,UC-43,Payment Management,View Payout Detail,Freelancer,Stripe: Create Milestone Funding Payment Intent
UC-43.04,UC-43,Payment Management,Fund Milestone,Client,
UC-43.05,UC-43,Payment Management,Refund Payment,Client,Stripe: Create Platform Fee Payment Intent
UC-43.06,UC-43,Payment Management,Pay Platform Fee,Client,
UC-43.07,UC-43,Payment Management,Release Payment,Client,Stripe: Create Dispute Fee Payment Intent
UC-43.08,UC-43,Payment Management,Pay Dispute Fee,"Client, Freelancer",
UC-43.09,UC-43,Payment Management,View Payment History,"Client, Freelancer",
UC-43.10,UC-43,Payment Management,View Payment Detail,"Client, Freelancer",
UC-43.11,UC-43,Payment Management,Execute Dispute Resolution Payment,Admin,
UC-43.12,UC-43,Payment Management,Handle Stripe Webhook Event,System,
UC-43.13,UC-43,Payment Management,Sync Payment Intent Status,System,
UC-44.01,UC-44,AI Content Moderation,Moderate Content by AI,AI,
UC-45.01,UC-45,AI Face Scan & Duplicate Detection,Scan Face and Detect Duplicate Identity,AI,
UC-46.01,UC-46,Job Category Management,View Job Category List,Admin,
UC-46.02,UC-46,Job Category Management,View Job Category Detail,Admin,
UC-46.03,UC-46,Job Category Management,Create Job Category,Admin,
UC-46.04,UC-46,Job Category Management,Update Job Category,Admin,
UC-46.05,UC-46,Job Category Management,Delete Job Category,Admin,"Trùng tên với UC-46.01, thêm hậu tố actor"
UC-46.06,UC-46,Job Category Management,View Job Category List,Freelancer,
UC-46.07,UC-46,Job Category Management,View Job Category Detail,Freelancer,
UC-47.01,UC-47,Profile Update Review,View Pending Profile Update Request List,Admin,
UC-47.02,UC-47,Profile Update Review,View Profile Update Request Detail,Admin,
UC-47.03,UC-47,Profile Update Review,Approve Profile Update Request,Admin,
UC-47.04,UC-47,Profile Update Review,Reject Profile Update Request,Admin,
UC-47.05,UC-47,Profile Update Review,View Profile Update Request History,Admin,Actor Expert
UC-47.06,UC-47,Profile Update Review,Update Profile Expert,Expert,Tách từ 'Create/Update'; xóa nếu hệ thống không có chức năng xem
UC-48.01,UC-48,ID Document Retention Policy Management,View ID Document Retention Policy,Admin,
UC-48.02,UC-48,ID Document Retention Policy Management,Configure ID Document Retention Policy,Admin,